{"textures":{"0":"modelengine:entity/4bf89587e162497a1b747e4d678e8251bf3b7ff717449f927b8a2f43b31b9955"},"elements":[{"from":[6.857143,5.142857,6.857143],"to":[9.142858,8.571428,9.142858],"rotation":{"angle":0.0,"axis":"y","origin":[6.857143,-4.8571434,3.4285712]},"faces":{"east":{"uv":[10.0,5.0,11.0,6.5],"rotation":0,"texture":"#0","tintindex":0},"south":{"uv":[13.0,5.0,14.0,6.5],"rotation":0,"texture":"#0","tintindex":0},"north":{"uv":[11.0,5.0,12.0,6.5],"rotation":0,"texture":"#0","tintindex":0},"west":{"uv":[12.0,5.0,13.0,6.5],"rotation":0,"texture":"#0","tintindex":0},"up":{"uv":[12.0,5.0,11.0,4.0],"rotation":0,"texture":"#0","tintindex":0},"down":{"uv":[13.0,4.0,12.0,5.0],"rotation":0,"texture":"#0","tintindex":0}}},{"from":[6.5714283,5.142857,6.5714283],"to":[9.428572,8.857143,9.428572],"rotation":{"angle":0.0,"axis":"y","origin":[6.857143,-4.5714293,3.4285712]},"faces":{"east":{"uv":[12.0,13.0,13.0,14.5],"rotation":0,"texture":"#0","tintindex":0},"south":{"uv":[15.0,13.0,16.0,14.5],"rotation":0,"texture":"#0","tintindex":0},"north":{"uv":[13.0,13.0,14.0,14.5],"rotation":0,"texture":"#0","tintindex":0},"west":{"uv":[14.0,13.0,15.0,14.5],"rotation":0,"texture":"#0","tintindex":0},"up":{"uv":[14.0,13.0,13.0,12.0],"rotation":0,"texture":"#0","tintindex":0},"down":{"uv":[14.0,12.0,13.0,13.0],"rotation":0,"texture":"#0","tintindex":0}}}],"display":{"head":{"translation":[0.0,-6.4,0.0],"scale":[4.0,4.0,4.0]}}}