{"parent":"minecraft:item/generated","textures":{"layer0":"minecraft:item/leather_horse_armor"},"overrides":[{"predicate":{"custom_model_data":1},"model":"modelengine:zombie1/body"},{"predicate":{"custom_model_data":2},"model":"modelengine:zombie1/right_leg"},{"predicate":{"custom_model_data":3},"model":"modelengine:zombie1/lower_right"},{"predicate":{"custom_model_data":4},"model":"modelengine:zombie1/left_leg"},{"predicate":{"custom_model_data":5},"model":"modelengine:zombie1/lower_left"},{"predicate":{"custom_model_data":6},"model":"modelengine:zombie1/upperbody"},{"predicate":{"custom_model_data":7},"model":"modelengine:zombie1/right_arm"},{"predicate":{"custom_model_data":8},"model":"modelengine:zombie1/front_right"},{"predicate":{"custom_model_data":9},"model":"modelengine:zombie1/left_arm"},{"predicate":{"custom_model_data":10},"model":"modelengine:zombie1/front_left"},{"predicate":{"custom_model_data":11},"model":"modelengine:zombie1/head"}]}